Achievement Title,Category,Applicable Elements,Development Order,Data Point,Extraction Description,Extraction Type,Extraction Example,Definition/Purpose,Example,Characters,Seconds,Impact Score
Appearance and Identity,Character,"Peripheral Character, Support Character, Key Character",1,Ethnicity,,,,The character's ethnicity or cultural background can influence their perspective and experiences within the story world.,Zaman's olive skin and dark hair hint at Middle Eastern or North African heritage.,82,23,4
Appearance and Identity,Character,"Peripheral Character, Support Character, Key Character",2,Appearance,,,,A brief description of the character's physical appearance helps readers visualize the character.,"Tall and lean, with silver hair and a neatly trimmed beard. He has a timeless quality, as if he could belong to any era.",120,25,4
Appearance and Identity,Character,"Peripheral Character, Support Character, Key Character",2,Personality Trait,,,,A defining aspect of the character's personality or demeanor makes them feel like a real person within the story world.,"Mr. Hawkins has a gentle, patient manner that puts Lucy at ease, but there's a twinkle in his eye that suggests he knows more than he lets on.",142,30,5
Backstory and Motivations,Character,"Supporting Character, Key Character",2,Backstory,,,,Key events or circumstances from the character's past shape their personality and motivations in the story.,Zaman's past is a cipher - he seems to have intimate knowledge of both the timepiece and historical events. What is the source of this knowledge?,145,30,5
Backstory and Motivations,Character,"Supporting Character, Key Character",2,External Goal,,,,The character's external goal within the main story may align with or conflict with the protagonist's goals.,Zaman is after the same thing Lucy is - the pieces of the timepiece map. But his intentions for the completed puzzle are unknown.,129,28,5
Backstory and Motivations,Character,"Supporting Character, Key Character",2,Internal Goal,,,,The character's personal desires or goals drive their actions and decisions throughout the story.,Zaman's ultimate goal seems to be to possess the timepiece and control its power,80,20,5
Basic Profile,Character,"Peripheral Character, Support Character, Key Character",1,Age,,,,The character's age or approximate age range provides context for their appearance and role in the story.,"Mr. Hawkins, a man in his late 60s",34,21,4
Basic Profile,Character,"Peripheral Character, Support Character, Key Character",1,Gender,,,,The character's gender identity influences their traits and relationships.,"Mr. Hawkins, a gentlemanly figure",33,18,3
Basic Profile,Character,"Peripheral Character, Support Character, Key Character",1,Name,,,,The character's name helps to identify and distinguish them from others.,Mr. Hawkins,11,18,3
Basic Profile,Character,"Peripheral Character, Support Character, Key Character",1,Occupation,,,,The character's occupation or role within the story world adds depth and context to their identity.,"Mr. Hawkins, the antique shop owner",35,20,4
Central Conflict,Story,"Series, Season, Story, Plot, Subplot, Sequence",1,Protagonist's Overarching Goal,Main objective driving the protagonist's actions,,Lucy wants to get back home,The ultimate objective or desire that motivates the protagonist throughout the story. Establishing the protagonist's overarching goal gives the story direction and purpose.,"Initially, Lucy simply wants to get back home. But as she learns the extent of the timepiece's power, her goal shifts to protecting it from those who would misuse it, and preserving the integrity of history. On a deeper level, she wants to prove her own capability and find her place in the world.",297,56,5
Central Conflict,Story,"Series, Season, Story, Plot, Subplot, Sequence",2,Primary Obstacle,Main barrier preventing the protagonist's success,,,The main force or situation that opposes the protagonist's goals. The primary obstacle creates tension and drives the story forward.,Lucy must race against time to collect the scattered pieces of an ancient map that will help her understand the timepiece's power before it falls into the wrong hands. But Zaman always seems to be one step ahead of her. The timepiece itself is unpredictable and Lucy must learn to navigate its caprices as it takes a physical and emotional toll on her.,352,58,5
Central Conflict,Story,"Series, Season, Story, Plot, Subplot, Sequence",2,Stakes,Consequences if the protagonist fails their goal,,,The consequences if the protagonist fails to achieve their goal. High stakes raise the tension and make the audience invested in the outcome.,"If Lucy fails, the timepiece's power could be used to manipulate history with catastrophic consequences. On a personal level, Lucy risks being stranded in the past forever, losing her family and the future she knows. As she races against the clock, she also begins to suspect that the timepiece is taking a toll on her health, making each trip more perilous.",358,60,5
Central Conflict,Story,"Series, Season, Story, Plot, Subplot, Sequence",3,Sides of the Conflict,Opposing groups or characters creating the story's tension,,,"The various forces or factions involved in the central conflict. Mapping out the sides of the conflict clarifies character motivations, relationships, and potential story directions.","In one corner, we have Lucy and her allies: Javier, Aunt Agatha (presumably), and the wisdom of the historical figures she encounters. Their goal is to understand the timepiece, safeguard history, and ensure it doesn't fall into the wrong hands.
In the opposing corner is the shadowy figure of Zaman, whose ultimate motives are unclear. Is he trying to protect the timepiece or exploit it? Does he want to help Lucy or control her?
The timepiece itself is a third 'side' - an unpredictable, capricious force that seems to have its own agenda. It both aids and hinders Lucy, raising the question: is it a tool to be mastered or a sentient entity to be reckoned with?
Potential wild cards: Meredith, if/when she discovers Lucy's secret. Historical figures who may have their own stakes in the matter. Possible secret societies or government factions interested in the timepiece's power.",884,130,4
Character Choices and Actions,Character,Key Character,4,Handling Conflict,,,,How the character navigates interpersonal conflict or disagreements reveals their communication style and empathy levels.,Lucy tends to meet aggression with wit and fire with warmth. She stands her ground but aims to defuse and find common understanding rather than escalate conflicts.,163,34,4
Character Choices and Actions,Character,Key Character,4,Helping Others,,,,How the character supports those around them or reacts to strangers in need demonstrates their compassion and social values.,"Even in dangerous or high-stakes situations, Lucy can't ignore a cry for help. She's moved by the suffering of others and feels compelled to lend aid or right wrongs.",166,34,4
Character Choices and Actions,Character,Key Character,4,Making Decisions,,,,How the character approaches complex choices reveals their thought process and priorities.,"Lucy tries to think through the ripple effects of her actions, drawing on both knowledge and intuition. In a crunch, she usually lets her heart lead, guided by her moral compass.",178,32,5
Character Choices and Actions,Character,Key Character,4,Willing to Sacrifice,,,,What the character is willing to give up for their goals illustrates their priorities and dedication.,"Lucy is willing to sacrifice her chance to see her beloved grandmother again to preserve the timeline. She's also ready to sacrifice the timepiece itself, and her role as a traveler, for the greater good.",204,37,5
Characters,Story,"Series, Season, Story, Plot, Subplot, Sequence",1,Key Characters,Major figures driving the plot and their roles,array,,The protagonists and other central characters pivotal in driving the plot and character development forward. Defining the key characters establishes whose journey the story primarily follows.,"Lucy, a 12-year-old girl who discovers the timepiece and must learn to wield its power responsibly. Javier, her best friend, a witty and loyal sidekick. Aunt Agatha, the enigmatic owner of the antique shop, who seems to know more than she lets on.",247,51,5
Characters,Story,"Series, Season, Story, Plot, Subplot, Sequence",1,Key Relationships,Significant connections between main characters,,,The central relationships between characters. These key relationships form the emotional core of the story and often drive character growth.,The friendship between Lucy and Javier is the heart of the story. They balance each other and must learn to work together. Lucy's changing relationship with Aunt Agatha is another key thread - a mix of affection and suspicion. There's also a compelling dynamic between Lucy and Zaman as she tries to unravel the mystery around him.,331,56,4
Characters,Story,"Series, Season, Story, Plot, Subplot, Sequence",1,Supporting Characters,Secondary figures aiding or hindering the protagonist,,,The secondary characters who interact with and influence the protagonists. Supporting characters help flesh out the world and provide opportunities for the protagonists to grow.,"Zaman, a mysterious figure who appears in various historical eras, always one step ahead of Lucy. Is he a friend or foe? His true identity and motives are a central mystery.
Meredith, Lucy's teenage sister who initially teases her about her 'daydreams' but becomes an unexpected ally when the stakes are raised.
Historical figures like Benjamin Franklin, Leonardo da Vinci, and Cleopatra make cameo appearances, challenging Lucy's assumptions and providing key insights.",470,77,4
Characters,Story,"Series, Season, Story, Plot, Subplot, Sequence",2,Impact on Plot and Theme,How events influence the story and its messages,,,How the key relationships influence the story's plot events and thematic exploration. Tying relationships to plot and theme creates a cohesive and impactful narrative.,"Lucy and Javier's trust and teamwork enables them to solve the timepiece's puzzles, underscoring the theme of strength through connection. Lucy's conflicts with Zaman and his shifting role from perceived threat to ambiguous ally mirrors her own journey of growth and moral complexity.",284,53,4
Desired Impact,Story,"Series, Season, Story, Plot, Subplot, Sequence",1,Emotional Impact,Story's effect on audience’s feelings,,,The primary emotions the story aims to evoke in the audience. Identifying the desired emotions guides character development and narrative choices.,"A sense of wonder, excitement, and empowerment, with an undercurrent of poignant nostalgia. The audience should feel inspired by Lucy's cleverness and courage.",159,35,5
Desired Impact,Story,"Series, Season, Story, Plot, Subplot, Sequence",1,Intellectual Impact,Thought-provoking elements engaging the audience’s mind,,,The key questions or themes the story aims to explore. Defining the intellectual impact ensures the story is thought-provoking and meaningful.,"The story invites the audience to consider: What makes us who we are? How do our choices shape our destiny? What would you change if you could travel through time? It grapples with the nature of power, responsibility, and unintended consequences.",246,46,5
Desired Impact,Story,"Series, Season, Story, Plot, Subplot, Sequence",1,Thematic Resonance,Depth and relevance of central themes,,,The universal human experiences or themes the story taps into. Identifying the thematic resonance helps create a story that feels relevant and profound.,"Coming of age and claiming one's agency. The intricate web of cause and effect that shapes our destinies. The transformative power of understanding, both of oneself and of others.",179,39,5
Emotional Journey,Character,Key Character,2,At their best,,,,What the character is like when they are at their most admirable or likable shows their positive potential.,"At her best, Lucy is compassionate, courageous, and clever. She uses her wit and heart to uplift others and do what's right, even at great personal cost.",153,31,5
Emotional Journey,Character,Key Character,2,At their worst,,,,What the character is like when they are at their least admirable or most vulnerable reveals their flaws and opportunities for growth.,"At her worst, Lucy is reckless and self-involved, acting on impulse without considering consequences. She can also be prone to self-pity and doubt when things get tough.",169,36,4
Emotional Journey,Character,Key Character,2,Emotional Arc,,,,The trajectory of the character's emotional state and development throughout the story shows their internal journey.,"Lucy begins the story feeling lost and alone, but each challenge and connection she makes in the past strengthens her sense of self and purpose. In learning to stand up for others, she learns to stand tall in her own story. The sacrifices she must make break her heart but also affirm the strength of her spirit.",312,51,5
Emotional Journey,Character,Key Character,2,Emotional Wound,,,,A painful experience from the character's past continues to influence their emotional state and choices in the story.,Lucy's feelings of inadequacy and loneliness stem from her parents' preoccupation with work and her difficulty connecting with peers who don't share her imaginative spirit,171,34,5
Emotional Journey,Character,Key Character,2,Ghost,,,,"An unresolved issue from the character's past haunts their thoughts and actions, revealing opportunities for emotional growth.","The recent loss of Lucy's beloved grandmother, the one person who truly understood and encouraged her, leaves her feeling adrift and longing for connection",155,33,5
Emotional Journey,Story,"Series, Season, Story, Plot, Subplot, Sequence",4,Emotional Journey,Protagonist's evolving emotional state throughout,,,The audience's emotional journey in reaction to the story progression,"The audience goes on an emotional rollercoaster alongside Lucy - from the wonder and terror of her first time travel, through the nail-biting tension of her challenges in each era, to the heartwarming growth of her friendships and self-discovery. The audience shares her moral dilemmas, her losses and triumphs, ultimately emerging with a renewed appreciation for the precious present and the power within us all to make a difference.",434,62,5
Emotional Journey,Plot,"Series, Season, Story, Plot, Subplot, Sequence",5,Emotional Resonance,,,,How the plot events and character developments evoke a powerful emotional response in the audience. Crafting emotional resonance makes the plot linger in readers' hearts and minds.,"Lucy's bittersweet decision to destroy the timepiece map and give up her ability to travel through time in order to protect the greater good leaves readers with a poignant mix of sadness, admiration, and hope.",209,45,4
Key Moments,Story,"Series, Season, Story, Plot, Subplot, Sequence",2,Key Moments,Crucial events significantly advancing the plot,,,Moments in the story that the storyteller is most excited to explore. These key moments define the unique vision and passion of the writer.,"• Seeing Lucy's wonder and disorientation when she first lands in Ancient Egypt. 
• The bittersweet moment when Lucy and Javier decide to destroy the timepiece map to keep it out of the wrong hands. • A poignant heart-to-heart with a young Leonardo da Vinci about the nature of genius and the importance of humanity.
• The thrilling chase through a World War I battlefield to retrieve a map piece.",397,64,5
Key Moments,Story,"Series, Season, Story, Plot, Subplot, Sequence",3,Key Visuals,Memorable imagery enhancing the story,,,The most striking or memorable visual elements that encapsulate its mood tone or themes.,The shimmering heat haze rising off the endless dunes as the sun beats down on Lucy's small figure; The glowing hieroglyphs illuminated by Lucy's flashlight in the dark musty depths of a tomb; The dizzying kaleidoscope of light and color as the portal opens to whisk Lucy back home.,282,45,4
Key Moments,Story,"Series, Season, Story, Plot, Subplot, Sequence",3,Protagonist's Choices,Decisions shaping the protagonist's path,,,The crucial decisions Lucy makes within the sequence that reveal her values and move her character arc forward.,"Choosing to help a peasant child in need, even at risk to her own safety and quest, demonstrates Lucy's compassion and moral compass.",133,29,4
Key Moments,Story,"Series, Season, Story, Plot, Subplot, Sequence",4,Emotional Beats,Key emotional highs and lows in the narrative,,,Key moments that punctuate the protagonist's emotional journey. Emotional beats make the internal journey tangible and illustrate character growth.,"• When a homesick Lucy confides in Javier and he comforts her, showing the depths of their friendship.
• After a narrow escape, Lucy takes a moment to break down, showing her vulnerability and humanity.
• When faced with the chance to save her grandmother, Lucy's anguish and ultimate decision not to interfere is a defining moment of emotional growth.",352,59,5
Plot Denounement,Plot,"Plot, Subplot",4,Establishing the New Normal,,,,Showing how the protagonist and story world have changed as a result of the plot events. Establishing the new normal illustrates the protagonist's growth and the lasting impact of their journey.,"Though returning to her ordinary life is an adjustment, Lucy brings her newfound wisdom, confidence, and appreciation for everyday magic to her relationships and challenges. She sees her world through fresh eyes, ready for whatever adventures the future may bring.",264,53,5
Plot Denounement,Plot,"Plot, Subplot",4,Tying Up Loose Ends,,,,Addressing any remaining plot threads and character arcs in the aftermath of the climax. Tying up loose ends provides a sense of closure and completeness to the narrative.,"Lucy reconciles with her sister Meredith, sharing the lessons she's learned about courage, empathy, and the value of family. She also bids a bittersweet farewell to Javier, whose own heroism and growth have earned him a prestigious scholarship abroad.",251,50,4
Plot Depth,Plot,"Plot, Subplot",1,Plot Type,,,,Identifies whether this is the main plot (central narrative arc) or a subplot (secondary narrative arc that supports or interacts with the main plot). Determining the plot type helps prioritize and balance narrative elements.,"Main Plot: Lucy's quest to uncover the secrets of the magical timepiece and prevent its power from falling into the wrong hands.
Subplot: Lucy's strained relationship with her older sister Meredith and their gradual reconciliation as Lucy shares her time travel experiences.",274,58,5
Plot Depth,Story,"Series, Season, Story, Plot, Subplot, Sequence",4,Pacing and Rhythm,Speed and flow of the story's progression,,,"The speed and cadence at which plot events unfold, balancing action, tension, and character development. Establishing a deliberate pacing and rhythm keeps readers engaged and emotionally invested.","The plot maintains a brisk pace as Lucy races through time to collect map pieces, with moments of heightened action and suspense punctuated by quieter scenes of character development and world-building.",202,46,4
Plot Depth,Plot,"Plot, Subplot",5,Thematic Cohesion,,,,How the events and character arcs of the plot reinforce and explore the story's central themes. Ensuring thematic cohesion deepens the plot's meaning and impact.,"As Lucy grapples with the timepiece's power and her role in protecting history, her journey explores themes of responsibility, the ripple effects of our choices, and the resilience of the human spirit.",201,43,4
Plot Setup,Plot,"Plot, Subplot",1,Introduction of Central Conflict,,,,The initial encounter with the primary obstacle or opposing force that will drive the plot. Introducing the central conflict establishes the stakes and direction of the story.,"When Lucy realizes the immense power of the timepiece and the lengths others will go to possess it, she understands the gravity of her situation. The introduction of Zaman and the revelation of the timepiece's complex history set up the central conflict - a battle across time for control of the past, present, and future.",322,59,4
Plot Setup,Plot,"Plot, Subplot",1,Protagonist's Initial Goal,,,,The goal or desire that the protagonist initially pursues in response to the inciting incident. This initial goal may evolve or change over the course of the story as the protagonist gains new knowledge and insight.,"At first, Lucy's goal is simple and personal - to get back to her own time and escape the chaos she's been thrust into. But as she begins to understand the implications of the timepiece and her role as its bearer, her goal shifts to one of protection and responsibility - to keep the timepiece out of the wrong hands and preserve the integrity of history.",355,67,4
Plot Setup,Plot,"Plot, Subplot",1,Status Quo,,,,The state of the story world and the protagonist's life before the inciting incident. Establishing the status quo provides a baseline for the changes that will occur over the course of the story.,"Lucy is a bright but lonely girl, struggling to find her place. She feels out of step with her peers and longs for adventure and connection. The world is ordinary and predictable, with no hint of the extraordinary events to come.",229,49,5
Plot Setup,Plot,"Plot, Subplot",2,Introduction of Key Allies and Adversaries,,,,The introductions of the main characters who will support or oppose the protagonist in their journey. These introductions begin to establish the interpersonal dynamics and conflicts that will shape the story.,Javier's introduction as Lucy's steadfast friend and ally provides a crucial emotional anchor. Zaman's shadowy presence and unclear motives set up a dynamic of mistrust and rivalry. The colorful historical figures Lucy encounters will serve as both allies and adversaries in her journey.,287,57,5
Plot Structure,Plot,"Plot, Subplot",3,Dark Night of the Soul,,,,"The protagonist's lowest point, where they face their greatest doubts, fears, or failures. This crisis forces the protagonist to confront their inner demons and emerge stronger and more resolved.","Stranded in a dystopian future where Zaman reigns supreme, Lucy is confronted with the devastating consequences of failure. Seeing the suffering caused by the timepiece's misuse and her own perceived shortcomings, Lucy reaches her breaking point. She must find the strength within herself to carry on and believe in the possibility of change.",342,63,5
Plot Structure,Plot,"Plot, Subplot",3,Midpoint,,,,"The story's halfway point, marked by a major revelation, reversal, or shift in the protagonist's journey. The midpoint raises the stakes, introduces a new complication, or changes the direction of the plot.",The reveal of Zaman's true identity and connection to Lucy is a game-changer. This revelation shifts the dynamics of their relationship and makes Lucy question everything she thought she knew. It also introduces a new wrinkle in her mission - is she fighting against Zaman or fighting to save him from himself?,310,60,5
Plot Structure,Plot,"Plot, Subplot",4,Character Resolution,,,,How the arcs and emotional journeys of the main characters are resolved in a satisfying and meaningful way. The character resolutions offer emotional closure and illustrate the growth and change each has undergone.,"Lucy's return to her own time shows the culmination of her growth. She's no longer the lonely, unsure girl she was, but a confident, compassionate young woman who's seen the depths of human experience and found her own strength. Her relationships with Javier, her sister, and her aunt have deepened through shared understanding. Even her complicated bond with Zaman reaches a form of resolution, with Lucy accepting that some connections transcend time and tidy endings.",470,81,5
Plot Structure,Plot,"Plot, Subplot",4,Denouement,,,,The final moments of the story that provide closure and reflection after the resolution of the main plot. The denouement offers a final emotional beat and a sense of the protagonist's new normal.,"In a quiet moment, Lucy shares her story with her sister, mending the rift between them. She visits the antique shop one last time, seeing it through new eyes. A final message from Aelia, delivered across time, affirms the unbreakable bond they shared. As Lucy steps out into the world, she carries with her a newfound appreciation for the preciousness of each moment and the power of her own choices.",401,71,4
Plot Structure,Plot,"Plot, Subplot",4,Thematic Resolution,,,,How the plot's resolution underscores and reinforces the story's central themes and messages. Ensuring the resolution is thematically resonant gives weight and meaning to the protagonist's journey.,"Lucy's decision to relinquish the timepiece, trusting in the natural course of history and the power of human agency, cements the story's central themes. Her journey has been one of learning to take responsibility for one's choices while also accepting what cannot be changed. The bittersweet but hopeful ending reinforces the idea that while we may not control all of life's circumstances, we always have the power to choose how we meet them.",443,76,5
Psychological Profile,Character,Key Character,1,Core Beliefs,,,,The character's fundamental values and beliefs shape their choices and actions.,Lucy believes in doing what's right even when it's hard and that everyone deserves a chance to be understood,108,22,5
Psychological Profile,Character,Key Character,1,Fears,,,,The character's deepest anxieties and fears create internal conflict and opportunities for growth.,"Lucy fears letting down her family and friends, and worries that she's not brave or clever enough to handle the challenges of time travel",137,28,5
Psychological Profile,Character,Key Character,1,Flaws,,,,The character's negative traits or shortcomings humanize them and create potential for self-improvement.,Lucy's impulsiveness and occasional disregard for rules gets her into trouble. Her desire for connection can also make her susceptible to emotional manipulation.,161,32,4
Psychological Profile,Character,Key Character,1,Quirks,,,,The character's idiosyncratic traits or habits add memorability and relatability.,"Lucy has a habit of twirling her hair when she's deep in thought. She also has a penchant for puns - the worse, the better.",123,25,3
Psychological Profile,Character,Key Character,1,Strengths,,,,The character's positive qualities or skills help them overcome obstacles and earn reader admiration.,"Lucy's insatiable curiosity, quick wit, and conviction in doing what's right enables her to navigate the complexities of time travel and moral dilemmas with heart and wisdom beyond her years.",191,35,5
Psychological Profile,Character,Key Character,1,Talents/Skills,,,,The character's standout abilities distinguish them within the story world and aid in their goals.,Lucy has a knack for languages and a deep knowledge of history. Her empathy and way with people also makes her quick to make friends and allies in any era.,155,30,4
Relationships and Purpose,Character,"Supporting Character, Key Character",3,Narrative Purpose,,,,The supporting character's primary function moves the plot forward and impacts the protagonist's development.,Zaman's pursuit of the timepiece keeps the stakes high and the tension taut. His moral ambiguity also serves as a foil to Lucy's growth - she must define her values in opposition to or in spite of his influence.,211,38,5
Relationships and Purpose,Character,"Supporting Character, Key Character",3,Relationship to Main Characters,,,,How the supporting character is connected to and interacts with the main characters influences the story's character dynamics and plot.,"To Lucy, Zaman is a figure of intrigue and suspicion - always one step ahead, his true motives inscrutable. Their complex dance of cooperation and rivalry propels much of the plot.",180,37,5
Sequence Conflict,Sequence,Sequence,2,Central Conflict,,,,The primary obstacle or difficult choice the protagonist faces in the sequence.,"Thrust into a kill-or-be-killed situation, Lucy must decide how far she's willing to go to survive and whether the ends justify the means. She must also navigate her growing friendship with Aelia while knowing their paths must diverge.",235,38,5
Sequence Conflict,Sequence,Sequence,2,Emotional Stakes,,,,The potential emotional consequences for the protagonist if they fail to achieve their goal within the sequence.,"If Lucy can't find a way to escape the Colosseum, she faces not just death but a crushing loss of self. Even if she survives, she risks losing her moral compass and sense of hope.",179,35,4
Sequence Conflict,Sequence,Sequence,2,Mounting Complications,,,,Introducing new challenges or revelations that escalate the conflict and make the protagonist's goal more difficult to achieve. Mounting complications maintain narrative tension and momentum.,"Despite Lucy's best efforts to stay out of the arena, she finds herself thrust into a high-stakes match. She's also horrified to learn that the senator suspects her true origins and has designs on the timepiece.",211,47,5
Sequence Conflict,Sequence,Sequence,2,Obstructing Forces,,,,"The primary forces or obstacles, whether external or internal, that stand in the way of the protagonist achieving their goal in the sequence.","The unforgiving environment of the Egyptian desert, dangerous wildlife, and hostile grave robbers all threaten Lucy's safety and impede her progress. Additionally, her own fear, self-doubt, and lack of understanding about the timepiece's workings create internal obstacles she must overcome.",291,52,5
Sequence Conflict,Sequence,Sequence,2,Protagonist's Goal,,,,The primary objective or event that the protagonist must achieve or confront in the sequence. This goal directly serves the story's central conflict or theme.,"Lucy must find a way to survive in ancient Egypt and locate a portal back to the present day, testing her historical knowledge, resourcefulness, and courage.",157,36,5
Sequence Conflict,Sequence,Sequence,2,Protagonist's Motivation,,,,The internal and external reasons driving the protagonist's actions and decisions within the sequence.,"Externally, Lucy is driven to survive and find her way back home. Internally, she's motivated by a need to understand her power and do the right thing in a morally complex situation.",182,34,5
Sequence Conflict,Sequence,Sequence,2,Raising the Stakes,,,,Amplifying the risks or potential consequences the protagonist faces making their success or failure more impactful. Raising the stakes keeps the audience invested in the outcome of the sequence.,"In addition to her own life being on the line, Lucy realizes that the fate of the timepiece and the integrity of history itself may depend on her actions in Rome.",162,41,5
Sequence Impact,Sequence,Sequence,3,Impact on Characters,,,,How the sequence challenges Lucy and catalyzes her internal growth and development.,"Forced to confront violence and mortality in the starkest terms, Lucy emerges changed. She's grappled with her capacity for violence and her commitment to her values. Her bond with Aelia opens her heart but also teaches her the pain of connection and loss in a transient situation.",281,45,5
Sequence Impact,Sequence,Sequence,3,Impact on Plot,,,,How the events and outcomes of the sequence propel the overall story forward and set up future narrative developments.,"Lucy's first time travel experience establishes the mechanics and stakes of the timepiece, setting the stage for her ongoing quest. The cryptic clue she uncovers in the hieroglyphs creates a new mystery to drive the plot forward.",229,41,5
Sequence Impact,Sequence,Sequence,3,Impact on the World,,,,The way in which the events of the sequence affect or change the larger story world.,"By interacting with ancient Egyptians and leaving 21st-century artifacts behind, Lucy may subtly alter the course of history in ways that will ripple through her present-day world when she returns.",197,34,4
Sequence Resonance,Sequence,Sequence,4,Sequence Pacing,,,,"The tempo and rhythm of the sequence, balancing moments of action, tension, and reflection to create a compelling narrative flow.","The sequence starts with a moment of breathless disorientation as Lucy first lands in Egypt, then builds tension through her confrontations with local dangers, punctuated by quieter moments of discovery and problem-solving.",223,41,4
Sequence Resonance,Sequence,Sequence,4,World-Building Details,,,,Sensory descriptions and historical or cultural details that immerse the reader in the story world of the sequence.,"The searing heat of the Egyptian sun beats down on Lucy's neck as she scrambles over the sand dunes, the distant cries of merchants hawking their wares at the bustling Nile-side market fading behind her.",203,38,4
Sequence Resonance,Sequence,Sequence,5,Emotional Catharsis,,,,The emotional release or peak within the sequence that provides a sense of satisfaction or narrative payoff for the audience.,"When Lucy and Aelia emerge from the Colosseum triumphant, both irrevocably changed by their shared ordeal. Their hard-won bond and individual transformations feel like a true victory, even in the face of the challenges still to come.",233,43,4
Sequence Resonance,Sequence,Sequence,5,Mirroring and Foreshadowing,,,,"How the sequence parallels or foreshadows other key events or themes in the story, creating a sense of narrative symmetry or resonance.","Lucy's narrow escape from the collapsing tomb foreshadows her later confrontation with Zaman in a crumbling Parisian catacomb, both physically and thematically. Her alliance with Aelia mirrors future bonds she'll form and then have to leave behind, a bittersweet truth of her time traveling existence.",301,52,3
Sequence Resonance,Sequence,Sequence,5,Symbolic Imagery,,,,Recurring visual motifs or symbolic elements within the sequence that deepen its thematic impact or character significance.,"The image of Lucy's compass, a gift from her grandmother, being stained with blood and sand - a symbol of her loss of innocence and the weight of her choices. The recurring motif of shackles and chains, both literal and figurative, representing the systems of oppression Lucy encounters and must break free from.",312,52,3
Sequence Resonance,Sequence,Sequence,5,Ties to Character Backstory,,,,"How the sequence connects to or illuminates key aspects of the protagonist's backstory, motivations, or prior experiences.","Navigating the challenges of ancient Egypt alone, without relying on adults, reflects Lucy's experiences of feeling overlooked and underestimated by the authority figures in her life.",183,36,3
Sequence Setup,Sequence,Sequence,1,Protagonist,,,,The main character who drives the action and experiences the central conflict of the sequence.,Lucy Winters a clever but lonely 12-year-old girl who craves adventure and validation finds herself unexpectedly transported to ancient Egypt via a mysterious timepiece.,169,32,5
Sequence Setup,Sequence,Sequence,1,Sequence Goal,,,,This sequence needs to exist in the story to establish the mechanics and stakes of time travel in Lucy's world and to introduce the central mystery of the timepiece that will drive her quest forward.,Lucy's unexpected trip to ancient Egypt serves as a thrilling inciting incident that yanks her out of her ordinary world and sets her on the path of an extraordinary adventure. It raises key questions about the timepiece's origins and purpose that will propel the plot forward.,277,55,5
Sequence Setup,Sequence,Sequence,1,Sequence Placement,,,,"Identifies where the sequence falls within the overall story structure, such as the beginning, middle, or end, to ensure it serves the right narrative purpose.","This sequence occurs during the rising action, after Lucy has discovered the timepiece but before she's learned to control it.",126,32,5
Sequence Setup,Sequence,Sequence,1,Sequence Purpose Statement,,,,A concise statement that encapsulates the sequence's main objective and its importance to the story.,"Lucy accidentally activates the timepiece and finds herself stranded in ancient Egypt, where she must learn to navigate a foreign culture and find a way back home. This sequence establishes the stakes and mechanics of time travel, introduces Lucy's resourcefulness, and sets up the central mystery around the timepiece's origins.",329,52,5
Sequence Setup,Sequence,Sequence,1,Sequence Synopsis,,,,A brief summary of the key events and emotional beats that occur in the sequence.,"Frustrated by another dull history lesson, Lucy sneaks away to explore the back room of her aunt's antique shop. Amidst the dusty relics, a glint of bronze catches her eye - an intricately engraved timepiece. As Lucy examines the artifact, her finger grazes the central dial and the world blurs around her. She awakens in a scorching desert, ancient pyramids looming in the distance. Disoriented and terrified, Lucy must navigate the perils of ancient Egypt - from deciphering hieroglyphs to outwitting grave robbers - to find another portal back to her own time. Along the way, she discovers a cryptic inscription hinting at the timepiece's greater power and purpose, a tantalizing clue that sets her on the path of her time-traveling quest.",742,102,5
Sequence Setup,Sequence,Sequence,1,Sequence Title,,,,A brief descriptive title that captures the main event or goal of the sequence.,Lucy's First Leap: Navigating Ancient Egypt,43,18,4
Sequence Setup,Sequence,Sequence,1,Setting,,,,The specific time period and location of the sequence. This provides important context for the events and character actions.,Ancient Egypt,13,23,4
Sequence Setup,Sequence,Sequence,4,Sequence Resolution,,,,How the events and character developments of the sequence are concluded or resolved while still propelling the larger story forward.,"Lucy and Aelia manage to escape by the skin of their teeth, with Lucy using her knowledge of the time period to outwit their pursuers. The experience has forged an unbreakable bond between them, but they both know their paths must diverge. Lucy's successful return to the present day resolves the immediate crisis of being stranded in the past, but the mysteries of the timepiece and the clue she discovered create new questions to drive her onward.",449,71,5
Story Fundamentals,Story,Story,1,Exploring,Detailed examination of specific story elements,,,"A brief statement on what the story seeks to explore. This establishes the hook for the writer's interest, serving as a guidepost for the central journey or unifying thread of the story.","This story delves into the complexities of family relationships, coming-of-age and self-discovery, and the impact of science on our daily lives, inviting us to question how we would act if we had the power of time travel at our disposal.",237,49,4
Story Fundamentals,Story,Story,1,Format,Structure and presentation of the story,,,The medium or structure of the story. Clarifying the format determines the storytelling conventions and scope.,Feature Film,12,21,4
Story Fundamentals,Story,Story,1,Genre,Story’s category based on style and content,,,The category or type of story. Identifying the genre helps set expectations and target the right audience.,Fantasy Adventure,17,21,5
Story Fundamentals,Story,Story,1,Premise,Core idea summarizing the story’s concept,,,A brief summary of the story's central idea or concept. The premise is the foundation that guides the story's development.,"A young girl discovers a magical timepiece that transports her to different eras, where she must navigate historical challenges to find her way back home.",154,33,5
Story Fundamentals,Story,Story,1,Title,Story name,,,The name of the story that captures its essence and attracts readers. A compelling title sets the tone and sparks interest.,The Enchanted Timepiece,23,23,4
Story Structure,Story,"Series, Season, Story, Plot, Subplot",1,Setup,"Initial situation establishing characters, setting, and tone",,,The status quo of the protagonist's life before the inciting incident. Establishing the ordinary world creates a baseline for the protagonist's journey and growth.,"Before discovering the timepiece, Lucy feels stuck in a boring, lonely routine, her passion for history and adventure stifled by the expectations of her family and school.",171,39,4
Story Structure,Story,"Series, Season, Story, Plot, Subplot",1,Inciting Incident,"Event disrupting normality, propelling protagonist into action",,,"The event or turning point that sets the plot into motion, disrupting the status quo and forcing the protagonist to take action. Identifying the inciting incident ensures the plot has a clear catalyst and point of entry.",While exploring her aunt's antique shop on a sleepy Sunday afternoon Lucy discovers a hidden compartment containing the magical timepiece and an old handwritten letter hinting at a treasure hunt across time. Just as she touches it she vanishes into ancient Egypt.,263,55,5
Story Structure,Story,"Series, Season, Story, Plot, Subplot",1,Trials and Complications,"Challenges protagonist faces, increasing story tension",,,"The challenges, obstacles, and learning experiences the protagonist must navigate to achieve their goal. These trials develop the protagonist's skills and self-understanding.","Each trip to the past presents Lucy with a unique historical challenge or puzzle she must solve to obtain a piece of the map, from deciphering hieroglyphs in ancient Egypt to navigating the treacherous politics of Henry VIII's court. Through these trials, Lucy discovers new strengths and abilities: a knack for languages, a talent for diplomacy, a gift for lateral thinking. She also learns harsh lessons about the complexity of history and the unintended consequences of even small actions. Along the way, Javier's technical skills and historical knowledge prove invaluable, deepening their friendship. Lucy's interactions with historical figures challenge her preconceptions and broaden her perspective, shaping her understanding of herself and her place in the world.",771,115,5
Story Structure,Story,"Series, Season, Story, Plot, Subplot",2,Midpoint Twist,Major turning point shifting protagonist’s goal or perspective,,,A major reversal or revelation that changes the direction of the story.,"In Renaissance Italy, Lucy and Javier discover that Zaman is not just a rival time traveler, but a figure from Lucy's own future. This shocking revelation casts doubt on everything Lucy thought she knew about her mission and her own identity.",242,39,4
Story Structure,Story,"Series, Season, Story, Plot, Subplot",2,Crisis Point,"Protagonist faces ultimate challenge, stakes at highest",,,The protagonist faces their ultimate fear or biggest setback before the climax.,"Trapped in the chaos of the French Revolution and separated from Javier, Lucy faces her darkest hour. Robbed of the timepiece and accused of espionage, she must confront the possibility of being stranded in the past forever, powerless to protect the future she holds dear.",272,42,5
Story Structure,Story,"Series, Season, Story, Plot, Subplot",1,Climax,Peak conflict resolution between protagonist and antagonist,,,"The story's turning point, where the protagonist directly confronts the central conflict. The climax is the moment of greatest tension, where the outcome is decided.","In a climactic confrontation atop the Eiffel Tower on the eve of the 1889 World's Fair, Lucy finally comes face to face with Zaman. In a battle of wits and will, they struggle for control of the timepiece and the completed map. Zaman reveals his true identity (a shocking twist) and tempts Lucy with the chance to reshape history to save a loved one. Lucy must make a crucial choice: give in to the temptation to alter the past, or protect the integrity of time. In a poignant moment of self-realization, Lucy understands that her true power lies not in the timepiece, but in her own resilience, compassion, and moral courage. She outwits Zaman and destroys the map, securing the timepiece, but at a great personal cost.",720,107,5
Story Structure,Story,"Series, Season, Story, Plot, Subplot",2,Resolution,Conclusion resolving storylines and character arcs,,,The story's conclusion and aftermath. The resolution shows the consequences of the climax and how the characters and world have changed.,"Returning to the present day, Lucy faces the bittersweet impacts of her journey. She has lost the chance for further adventures, but gained a profound understanding of herself and her place in the tapestry of time. She repairs her relationship with her parents and sister and realizes she can find wonder and adventure anywhere with curiosity and imagination. She recognizes her own growth and feels empowered to face whatever challenges the future brings. The story ends with an emotional farewell between Lucy and Javier as he moves away. As she helps her aunt tidy up the shop, Lucy finds another mysterious artifact and smiles knowingly, considering a new adventure.",670,98,4
Story Structure,Story,"Series, Season, Story, Plot, Subplot",2,Transformation,Protagonist’s significant change from story’s experiences,,,The protagonist's meaningful inner journey and arc of change.,"Through her trials and triumphs across time, Lucy transforms from a lonely, uncertain girl into a confident, compassionate young woman. She learns the true nature of power and responsibility, the importance of the bonds we forge, and the resilience of the human spirit. Her journey is one of self-discovery and growth, and her transformation reflects the story's central messages about the power of choice, the interconnectedness of all things, and the everyday magic of a curious and open heart.",496,69,5
Story Trials,Story,"Series, Season, Story, Plot, Subplot, Sequence",2,Key Discoveries and Reversals,Major revelations altering plot direction,,,The crucial turning points and revelations that shift the protagonist's understanding and approach to the conflict. These discoveries and reversals create narrative momentum and keep the reader engaged.,"Lucy discovers that Zaman, the mysterious figure pursuing her across time, may have a deeper connection to the timepiece's origins than she realized. This revelation, along with clues she uncovers in various eras, reshapes her understanding of her mission and the stakes involved.",280,56,4
Story Trials,Story,"Series, Season, Story, Plot, Subplot, Sequence",2,Mounting Obstacles and Challenges,Increasing difficulties intensifying story conflict,,,The escalating difficulties and complications the protagonist faces as they pursue their goal. These mounting obstacles raise the stakes and tension of the plot.,"As Lucy travels to different eras, she encounters increasingly dangerous foes and moral dilemmas, from escaping gladiatorial combat in ancient Rome to facing the horrors of the transatlantic slave trade. Each challenge tests her resolve and forces her to question her own abilities and beliefs.",294,54,3
Story Trials,Story,"Series, Season, Story, Plot, Subplot, Sequence",2,Protagonist's Initial Attempts,Early efforts to address central conflict,,,The protagonist's early efforts to navigate the central conflict and pursue their goal. These initial attempts showcase the protagonist's strengths and weaknesses and create opportunities for growth.,"Lucy uses her knowledge of history and problem-solving skills to navigate ancient Egypt, but her impulsiveness and lack of caution often land her in trouble.",157,40,4
Story World,Story,Story,2,Magic/Technology System,Unique powers or tech shaping story’s world,,,The rules and limitations of the story world's supernatural or technological elements. Defining these elements creates consistency and believability.,"The enchanted timepiece enables Lucy to travel to pivotal moments in history, but only for a limited time. She is cautioned not to interfere with major events, but her presence inevitably creates ripple effects. The timepiece itself seems to have a mysterious agenda, guiding Lucy to the precise time and place she needs to be.",327,56,4
Story World,Story,Story,2,Setting,Time and place where the story unfolds,,,"The time period, location, and social context of the story world. The setting provides the backdrop that influences character behavior and plot.","The story unfolds across multiple historical eras, from ancient Egypt to Renaissance Italy to the American Revolution, highlighting the contrasts and common threads of the human experience. The protagonist's 'home base' is a cozy but mysterious antique shop in modern-day London.",279,50,5
Story World,Story,Story,2,Unique Elements,Distinctive features setting story apart,,,The distinctive features that make the story world memorable and immersive. Unique elements help the story stand out and capture the audience's imagination.,The protagonist can bring small objects back from the past but they turn to dust if they significantly alter history. The antique shop serves as a bridge between times and features quirky regulars who offer cryptic clues. The protagonist must piece together a map of time to understand the timepiece's origins and unlock its full potential. The visual style blends historical accuracy with a touch of magical realism.,417,69,4
Subplot Development,Plot,Subplot,3,Complicating the Subplot,,,,Introducing new challenges or revelations that escalate the subplot conflict. Complicating the subplot keeps it engaging and relevant to the larger narrative.,"When Meredith discovers evidence of Lucy's time traveling, it leads to a confrontation and a breach of trust. Meredith's disbelief and Lucy's frustrated attempts to explain compound the distance between them. This complication raises the emotional stakes and forces both characters to reassess their assumptions about each other.",329,58,4
Subplot Development,Plot,Subplot,3,Subplot Turning Point,,,,A key event or realization that shifts the direction or stakes of the subplot. The subplot turning point propels the subplot forward and sets the stage for its resolution.,"A crisis point in Lucy's temporal journey (perhaps getting stuck or facing a dire consequence) forces her to reach out to Meredith for help. This act of vulnerability and trust from Lucy, and Meredith's choice to believe and support her sister despite her skepticism, marks a turning point in their relationship. It sets the stage for a deeper understanding and reconciliation between them.",390,67,4
Subplot Development,Plot,Subplot,4,Resolving the Subplot Conflict,,,,Addressing the central challenge or conflict of the subplot in a satisfying and meaningful way. Resolving the subplot conflict provides closure and growth for the characters involved.,"In a heart-to-heart conversation, Lucy and Meredith finally open up to each other. Lucy shares the profound experiences and life lessons she's gained from her time travels, and Meredith shares her own insecurities and the reasons behind her overprotectiveness. They come to a new understanding and appreciation of each other as individuals, and as sisters.",356,64,5
Subplot Setup,Plot,Subplot,2,Establishing Subplot Stakes,,,,Defining the risks and potential consequences of the subplot for the characters involved. Establishing subplot stakes ensures the subplot is meaningful and impactful.,"For Lucy, the stakes of the subplot are deeply personal. Losing her connection with Meredith would mean losing a crucial link to home, family, and her own identity. For Meredith, the risk is of letting her pride and assumptions blind her to her sister's genuine growth and extraordinary circumstances.",301,55,3
Subplot Setup,Plot,Subplot,2,Introducing the Subplot Conflict,,,,Establishing the secondary conflict or challenge that will intersect with and complement the main plot. Introducing the subplot creates narrative depth and complexity.,"Alongside the main plot of Lucy's temporal adventures, a more intimate conflict is introduced: the strained relationship between Lucy and her older sister Meredith. Meredith's resentment of Lucy's 'immaturity' and Lucy's feeling of being misunderstood set up a tension that will parallel and intertwine with Lucy's larger journey.",330,59,4
Subplot Setup,Plot,Subplot,2,Connecting to Main Plot,,,,Demonstrating how the subplot relates to and influences the central narrative arc. Connecting the subplot to the main plot creates a cohesive and resonant narrative tapestry.,"Lucy's secret quest and the emotional distance it creates between her and Meredith mirrors the larger theme of the perils and responsibilities of extraordinary power. As Lucy learns to wield the timepiece wisely, she must also learn to bridge the gap with her sister through honesty, empathy, and trust.",303,56,4
Subplot Setup,Plot,Subplot,3,Mirroring the Main Plot,,,,Using the subplot to echo and reinforce the themes and conflicts of the central narrative. Mirroring the main plot through the subplot adds depth and resonance to the story's key ideas.,"Just as Lucy must learn to communicate across cultural and temporal divides in her adventures, she must also learn to bridge the gap of understanding with Meredith. The trust, empathy, and acceptance Lucy seeks in her relationships in the past are the same qualities needed to repair her bond with her sister in the present.",324,60,4
Subplot Setup,Plot,Subplot,4,Tying into the Main Plot Resolution,,,,Demonstrating how the subplot resolution influences or reflects the resolution of the main plot. Tying the subplot into the main plot resolution creates a sense of unity and cohesion in the narrative's conclusion.,"Lucy's repaired relationship with Meredith is a microcosm of the larger themes of her journey. The acceptance, empathy, and understanding they've achieved reflects the growth Lucy has undergone and the lessons she's learned about the power of human connection across all barriers. Their reconnection underscores the story's message about the importance and impact of the bonds we forge.",386,71,4
Symbolism and Associations,Character,Key Character,5,Antagonist Counterpart,,,,A character who embodies opposing values or parallels the main character's journey in a dark mirror version.,"Zaman serves as a dark reflection of what Lucy could become if she lost her way - jaded, ruthless, and obsessed with power for its own sake. Their clashes force her to confront her own dark side.",195,36,5
Symbolism and Associations,Character,Key Character,5,Ritual,,,,A repeated symbolic action or ritual associated with the character signifies their internal state or arc progression.,Each time Lucy returns from a journey to the past she pauses to touch her grandmother's locket a ritual that grounds her in the present and her own identity even as her worldview rapidly expands.,195,37,4
Symbolism and Associations,Character,Key Character,5,Story Anagnorisis,,,,The character's pivotal realization or shift in perspective near the climax of the story signals their internal transformation and completes their arc.,"Confronted with the choice to alter time for personal gain, Lucy realizes that true growth lies in accepting the past and present. She sees that her real power comes not from magic but from her own courage, compassion, and wisdom, gained through her incredible journey.",269,50,5
Symbolism and Associations,Character,Key Character,5,Story Paradox,,,,The inherent contradiction or unexpected duality within the character adds thematic complexity and prompts audience reflection.,Lucy's coming-of-age story is also a coming-to-terms with mortality. She is at once enormously powerful and utterly human. Her greatest strengths - her heart and ties to others - are also her greatest vulnerabilities.,217,41,5
Symbolism and Associations,Character,Key Character,5,Symbolism,,,,Visual details or images associated with the character represent larger themes or aspects of their journey.,"Lucy's treasured locket, containing a photo of her grandmother, symbolizes her longing for connection and validation, while the timepiece map represents her journey of self-discovery and growing wisdom",201,37,5
Target Audience,Story,Story,1,Comparable Titles,Similar stories aiding marketing and audience targeting,,,Other successful stories in the same genre or with similar themes. This provides insight into what the target audience enjoys and expects.,"A Series of Unfortunate Events meets Doctor Who. It combines the clever, historical puzzle-solving of National Treasure with the whimsy and humor of A Wrinkle in Time.",167,35,4
Target Audience,Story,Story,1,Demographics,"Target audience based on age, gender, etc",,,"The age range, gender, and other characteristics of the intended audience. Understanding the demographics helps tailor the story's content, style, and themes.","Middle-grade readers, ages 8-12, with a relatively equal appeal to both boys and girls.",87,27,4
Target Audience,Story,Story,1,Psychographics,"Audience interests, values, and lifestyles",,,"The interests, values, and attitudes of the target audience. Knowing the psychographics helps create relatable characters and resonant themes.","Readers who enjoy imaginative adventures, value friendship, and are curious about history.",90,27,4
Theme Exploration,Story,Story,4,Central Theme,Core idea or message of the story,,,A concise articulation of the story's main theme or message. The thematic statement encapsulates the story's central wisdom or moral.,"The true magic lies not in grand adventures or supernatural powers, but in the everyday wonders of friendship, family, and the resilience of the human spirit. Our choices, big and small, shape not only our own lives but the course of history itself, and with that power comes great responsibility.",297,52,5
Theme Exploration,Story,Story,4,Thematic Scenes,Key moments underscoring story’s theme,,,Specific scenes that powerfully illustrate or explore the story's themes. Thematic scenes make the abstract ideas of the theme concrete and resonant.,"When Lucy is tempted to save a life in the past, but realizes that doing so could unravel the fabric of history, illustrating the weight of responsibility and unintended consequences. After a heated argument, Javier risks his own safety to come to Lucy's aid, embodying the steadfastness of true friendship. In a moment of despair, Lucy gains wisdom and perspective from an unexpected heart-to-heart with a historical figure, highlighting the universal human struggles that transcend time.",489,77,5
Theme Exploration,Story,Story,4,Thematic Symbols,Objects or motifs representing deeper meanings,,,"Recurring objects, images, or motifs that represent the story's themes. Thematic symbols add depth and give the audience a tangible reference point for abstract ideas.","The timepiece itself, a powerful tool that can be used for good or ill, symbolizing the double-edged nature of power. The map pieces Lucy collects, representing the journey of self-discovery and the importance of the choices we make. The antique shop, a bridge between past and present, reflecting Lucy's own growth and the interconnectedness of all things.",357,62,4
Theme Exploration,Story,"Series, Season, Story, Plot, Subplot, Sequence",4,Thematic Relevance,Importance of theme to the story and audience,,,How the sequence embodies and explores the story's central themes and messages.,"In ancient Egypt, Lucy's struggle to survive in a harsh environment while maintaining her compassion and integrity reflects the story's broader themes of resilience, moral courage, and the transformative power of human connection. Her interactions with ancient Egyptians humanize the historical figures and underscore the universality of the human experience.",359,53,4
Voice and Communication,Character,Key Character,3,Defining quote,,,,A line of dialogue that captures the character's personality or central struggle encapsulates their role in the story.,"""I didn't ask for this power, but I've got it. So I've got to do something good with it, don't I?""
This line sums up Lucy's central conflict and the story's key theme - the burden and responsibility of power, and the choice in how to wield it.""",244,43,5
Voice and Communication,Character,Key Character,3,Dialogue Traits,,,,Specific quirks or patterns in the character's speech help to distinguish them and convey their background or personality.,"Lucy often uses historical tidbits or literary references in conversation, hinting at her bookish knowledge and vivid imagination",129,30,4
Voice and Communication,Character,Key Character,3,Jokes about,,,,The character's playful teasing or inside jokes with other characters reveal the dynamics of their relationships.,"Lucy ribs Javier about his crush on a girl at school, showcasing their comfortable bond as childhood best friends",113,27,3
Voice and Communication,Character,Key Character,3,Voice,,,,"How the character expresses themselves through word choice, tone, and body language reveals their personality and emotional state.","Lucy's manner of speaking is precocious and inquisitive, with a hint of whimsy. Her expressions are open and animated, conveying her wonder and wearing her heart on her sleeve.",176,35,5
Voice and Communication,Character,Key Character,3,Would never say,,,,Some specific words or phrases would be noticeably out-of-character for this individual to say,Lucy would never dismiss or diminish someone's suffering or sacrifice. Nor would she express defeat or hopelessness - her optimism and determination always shine through.,170,32,4
Writer Identity,Writer,Writer,1,Name,Personal identifier or label used for individual or entity,,,,,,20,5
Writer Identity,Writer,Writer,1,Current Projects,Active works currently being developed or completed,,,Provides an overview of the writer's active projects. This helps identify the writer's current creative focus and potential areas for development or support.,"I'm currently working on a series of short stories exploring the theme of isolation in urban environments, and I'm also outlining a novel about a family's multigenerational struggle with addiction.",197,41,4
Writer Identity,Writer,Writer,1,Growth Areas,Skills or topics focused on for improvement,,,Pinpoints the areas of writing the writer most wants to improve. This self-awareness helps focus the writer's learning and development efforts.,"I sometimes struggle with plotting and pacing, particularly in longer works. I want to learn techniques for structuring compelling narratives that keep readers engaged from beginning to end.",190,39,4
Writer Identity,Writer,Writer,1,Origin Story,Background or starting point in the field,,,Identifies the initial spark that ignited the writer's love for storytelling. Reflecting on this origin helps the writer reconnect with their passion and purpose.,"When I was a child, my grandfather would tell me incredible stories about his life, and I was fascinated by how words could transport me to different times and places.",167,38,4
Writer Identity,Writer,Writer,1,Storytelling Strengths,Key abilities in crafting narratives,,,Identifies the writer's greatest strengths as a storyteller. Knowing these strengths helps the writer lean into their unique abilities and build upon them.,"I have a knack for creating complex, nuanced characters that feel authentic and relatable. I also excel at crafting vivid, immersive descriptions that transport readers into the story world.",190,40,5
Writer Identity,Writer,Writer,1,Unique Perspective,Individual's distinct viewpoint or approach,,,Describes the unique experiences or perspective the writer brings to their work. Understanding this perspective helps the writer infuse their stories with a distinct voice and point of view.,"As a first-generation immigrant, I infuse my writing with themes of cultural identity, displacement, and belonging. My stories often explore the complexities of navigating multiple worlds and the search for home.",212,46,5
Writer Identity,Writer,Writer,1,Writing Motivation,Core reasons behind creating content,,,Uncovers the core purpose behind the writer's desire to create and share stories. Understanding this motivation helps guide the writer's creative choices and keeps them inspired.,"I write to explore the human experience, to understand myself and others better, and to create stories that resonate emotionally with readers.",142,36,5
Writing Goals,Writer,Writer,1,Desired Impact,Intended effect on audience or community,,,Articulates the kind of impact the writer hopes to have on their readers. Knowing the desired impact gives the writer a north star to guide their storytelling.,"Ultimately, I hope my stories foster empathy and understanding, encouraging readers to consider perspectives and experiences different from their own. I want my work to be a catalyst for meaningful reflection and conversation.",226,45,5
Writing Goals,Writer,Writer,1,Long-Term Aspirations,Ultimate career or creative goals,,,Captures the writer's big-picture dreams and ambitions. Having a long-term vision helps the writer stay motivated and make strategic choices in their career.,"My ultimate goal is to publish a novel that sparks critical and popular acclaim, establishing myself as a fresh voice in speculative fiction. Down the line, I dream of expanding into other mediums, perhaps writing for television or collaborating on a graphic novel.",265,50,4
Writing Goals,Writer,Writer,1,Short-Term Objectives,Immediate goals or milestones to achieve soon,,,Defines the writer's most immediate writing goal and project focus. Setting a short-term objective helps the writer prioritize their efforts and make steady progress.,"My current focus is on revising and polishing a collection of interconnected short stories exploring themes of family, identity, and belonging. I plan to start submitting the collection to literary magazines and contests within the next six months.",248,48,4
Writing Goals,Writer,Writer,1,Target Audience,Specific group intended to reach or engage,,,"Identifies the readers the writer aims to reach and impact with their stories. Understanding the target audience helps the writer tailor their content, themes, and style.","I write for curious, imaginative readers who crave stories that blend the speculative and the deeply human. My ideal reader is not afraid to confront challenging ideas and craves emotionally honest, thought-provoking narratives.",228,46,5
Writing Influences,Writer,Writer,1,Admired Elements,Aspects of other works that are appreciated,,,Identifies the specific elements from other stories the writer admires and aims to adapt. This helps the writer learn from great storytelling examples and incorporate those lessons into their own work.,"I admire the way Haruki Murakami blends the surreal with the mundane to create a dreamlike atmosphere. I also love how Chimamanda Ngozi Adichie crafts nuanced, culturally-specific characters that still feel universally human.",225,50,4
Writing Influences,Writer,Writer,1,Compared to Influences,Comparisons with inspirational figures or works,,,Encourages the writer to consider how they want to be similar to and different from their influences. This reflection helps the writer develop their unique style and voice.,"I admire the way Butler fearlessly tackles social and political issues through speculative fiction, and I strive to do the same. At the same time, I want to bring my own cultural background and experiences to my work, creating stories that feel both familiar and fresh.",269,52,4
Writing Influences,Writer,Writer,1,Distinctive Voice,Unique style or tone in writing,,,Prompts the writer to consider how they will distinguish their writing from their influences. This helps the writer articulate their unique perspective and voice.,"While I'm inspired by the genre-bending boldness of writers like Neil Gaiman and Kelly Link, I strive to bring my own cultural background and personal experiences to my work, infusing my stories with a distinct flavor and perspective.",234,47,5
Writing Influences,Writer,Writer,1,Influential Stories,Narratives that significantly impact or inspire,,,Identifies the stories that have had the greatest impact on the writer. Reflecting on these influences helps the writer understand their own storytelling tastes and aspirations.,"The works of Octavia Butler, particularly 'Kindred' and 'Parable of the Sower,' showed me the power of speculative fiction to tackle complex social issues. 'Eternal Sunshine of the Spotless Mind' influenced my fascination with memory and identity.",247,49,5
Writing Influences,Writer,Writer,1,Inspiring Creators,Individuals who motivate or influence creativity,,,Names the storytellers the writer deeply admires and what inspires them about their work. This reflection helps the writer identify the qualities they want to emulate in their own writing.,I'm in awe of Margaret Atwood's ability to create dystopian worlds that feel both alien and uncomfortably familiar. Her sharp social commentary and unflinching exploration of gender politics have been hugely influential on my writing.,234,49,4
Writing Style,Writer,Writer,1,Desired Emotional Impact,Feelings intended to evoke in the audience,,,Describes the emotional experience the writer aims to create for their readers. Clarifying this desired impact guides the writer's storytelling choices and helps them craft emotionally resonant stories.,"I want my stories to provoke a sense of wonder and contemplation, to make readers see the world in a new light. At the same time, I hope to create an emotional connection that lingers long after the last page.",209,48,5
Writing Style,Writer,Writer,1,Formats,Preferred media or platforms for content,,,Identifies the formats the writer wants to explore. This helps guide the writer's learning and experimentation with different storytelling mediums.,"I'm primarily focused on writing short stories and novels, but I'm also interested in exploring screenwriting and graphic novels.",129,32,4
Writing Style,Writer,Writer,1,Genres,Specific categories or types of storytelling,,,"Determines the genres the writer is most interested in. Understanding genre preferences helps the writer focus their reading, research, and writing in those areas.","I'm drawn to speculative fiction, particularly science fiction and magical realism. I love how these genres allow me to explore big ideas and social issues through a fantastical lens.",183,40,4
Writing Style,Writer,Writer,1,Themes,Central topics or messages explored in works,,,Identifies the themes the writer consistently gravitates towards. Knowing these themes helps the writer explore them more deeply and intentionally in their work.,"I often write about the search for identity, the power of memory, and the ways in which our relationships shape who we become. I'm fascinated by the internal journeys of characters as they navigate life's challenges.",216,44,5